<?xml version="1.0" encoding="UTF-8"?>

<ExtensionManifest Version="4.0" ExtensionBundleId="org.nuxeo.indesignconnector" ExtensionBundleVersion="1.0.0"
		ExtensionBundleName="nuxeoInDesignConnector" xmlns:xsi="http://www.w3.org/2001/XMLSchema-instance">
	<ExtensionList>
		<Extension Id="org.nuxeo.indesignconnector" Version="1.0" />
	</ExtensionList>
	<ExecutionEnvironment>
		<HostList>
			<Host Name="IDSN" Version="[11.0,11.9]" />
		</HostList>
		<LocaleList>
			<Locale Code="All" />
		</LocaleList>
		<RequiredRuntimeList>
			<RequiredRuntime Name="CSXS" Version="6.0" />

		</RequiredRuntimeList>
	</ExecutionEnvironment>
	<DispatchInfoList>
		<Extension Id="org.nuxeo.indesignconnector">
			<DispatchInfo >
				<Resources>
				<MainPath>./index.html</MainPath>
				<ScriptPath>./nuxeoInDesignConnector.jsx</ScriptPath>
				</Resources>
				<Lifecycle>
					<AutoVisible>true</AutoVisible>
				</Lifecycle>
				<UI>
					<Type>Panel</Type>
					<Menu>nuxeo InDesign Connector</Menu>
					<Geometry>
						<Size>
							<Height>600</Height>
							<Width>400</Width>
						</Size>
					</Geometry>
				</UI>
			</DispatchInfo>
		</Extension>
	</DispatchInfoList>
</ExtensionManifest>
