{
  "name": "semantic",
  "description": "Semantic empowers designers and developers by creating a shared vocabulary for UI.",
  "homepage": "http://www.semantic-ui.com",
  "author": {
    "name": "Jack Lukic",
    "web": "http://www.jacklukic.com"
  },
  "dependencies": {
    "jquery": ">=1.8"
  },
  "main": [
    "src/semantic.less",
    "dist/semantic.js"
  ],
  "keywords": [
    "semantic",
    "ui",
    "css3",
    "framework"
  ],
  "license": [
    "http://semantic-ui.mit-license.org/"
  ],
  "ignore": [
    "src/site",
    "test"
  ],
  "version": "1.12.3",
  "_release": "1.12.3",
  "_resolution": {
    "type": "version",
    "tag": "1.12.3",
    "commit": "069ea0aef47ce4f32c1c17b4f6a9a4effddc9600"
  },
  "_source": "git://github.com/Semantic-Org/Semantic-UI.git",
  "_target": "~1.12.0",
  "_originalSource": "semantic-ui"
}